<?xml version='1.0'?>
<home version='7400' exportFlags='17' name='buenapark#1.sh3d' camera='observerCamera' selectedLevel='level-aac2f875-f834-4da7-8399-b58b1670b145' wallHeight='250.0'>
  <environment groundColor='FF575757' skyColor='00CCE4FC' lightColor='00D0D0D0' wallsAlpha='0.23921569'>
    <observerCamera attribute='cameraPath' id='observerCamera-3208dcc1-6c04-4ce3-81f7-d58fdf97596a' lens='PINHOLE' x='48.17869' y='12.383753' z='170.0' yaw='6.390529' pitch='0.41634944' fieldOfView='1.0995575' time='1735214400000'/>
    <observerCamera attribute='cameraPath' id='observerCamera-e92ba817-38e9-4ef6-a7be-fe741f480930' lens='PINHOLE' x='7039.17' y='1710.1097' z='170.0' yaw='4.305526' pitch='0.011349404' fieldOfView='1.0995575' time='1735214400000'/>
    <texture attribute='skyTexture' name='少云' creator='eTeks' catalogId='eTeks#cloudy' width='100.0' height='27.6' image='0'/>
  </environment>
  <observerCamera attribute='observerCamera' lens='PINHOLE' x='14888.734' y='20390.092' z='170.0' yaw='-3.957641' pitch='0.1902845' fieldOfView='2.0071287' time='1735214400000'/>
  <camera attribute='topCamera' lens='PINHOLE' x='21278.441' y='9000.355' z='5406.053' yaw='7.518956' pitch='0.3749998' fieldOfView='1.0995575' time='1735214400000'/>
  <observerCamera attribute='storedCamera' id='observerCamera-a3af1792-4795-494c-877c-b23dc7ee1216' name='24-12-29 22:09:20' lens='PINHOLE' x='15749.432' y='22083.549' z='170.0' yaw='-4.022642' pitch='-0.048650578' fieldOfView='1.0995575' time='1735214400000'/>
  <level id='level-aac2f875-f834-4da7-8399-b58b1670b145' name='楼层 0' elevation='0.0' floorThickness='12.0' height='250.0' elevationIndex='0'/>
  <pieceOfFurniture level='level-aac2f875-f834-4da7-8399-b58b1670b145' name='forklift-3' model='2/forkLift.obj' x='9396.338' y='3639.2822' width='351.4725' depth='130.175' height='215.5825' modelSize='174862'/>
  <furnitureGroup level='level-aac2f875-f834-4da7-8399-b58b1670b145' name='dock' x='12066.873' y='6725.3193' angle='4.712389' width='4940.178' depth='16.257812' height='304.8' movable='false'>
    <doorOrWindow level='level-aac2f875-f834-4da7-8399-b58b1670b145' catalogId='Scopia#garage-door' name='车库门' creator='Scopia' model='4/garage-door.obj' x='12062.495' y='4392.39' angle='4.712389' width='274.32' depth='7.50075' height='304.8' modelSize='43932' movable='false' cutOutShape='M0,0 v1 h1 v-1 z' wallCutOutOnBothSides='true'/>
    <doorOrWindow level='level-aac2f875-f834-4da7-8399-b58b1670b145' catalogId='Scopia#garage-door' name='车库门' creator='Scopia' model='4/garage-door.obj' x='12062.495' y='4858.973' angle='4.712389' width='274.32' depth='7.50075' height='304.8' modelSize='43932' movable='false' cutOutShape='M0,0 v1 h1 v-1 z' wallCutOutOnBothSides='true'/>
    <doorOrWindow level='level-aac2f875-f834-4da7-8399-b58b1670b145' catalogId='Scopia#garage-door' name='车库门' creator='Scopia' model='4/garage-door.obj' x='12062.495' y='5325.561' angle='4.712389' width='274.32' depth='7.50075' height='304.8' modelSize='43932' movable='false' cutOutShape='M0,0 v1 h1 v-1 z' wallCutOutOnBothSides='true'/>
    <doorOrWindow level='level-aac2f875-f834-4da7-8399-b58b1670b145' catalogId='Scopia#garage-door' name='车库门' creator='Scopia' model='4/garage-door.obj' x='12062.495' y='5792.147' angle='4.712389' width='274.32' depth='7.50075' height='304.8' modelSize='43932' movable='false' cutOutShape='M0,0 v1 h1 v-1 z' wallCutOutOnBothSides='true'/>
    <doorOrWindow level='level-aac2f875-f834-4da7-8399-b58b1670b145' catalogId='Scopia#garage-door' name='车库门' creator='Scopia' model='4/garage-door.obj' x='12062.495' y='6258.733' angle='4.712389' width='274.32' depth='7.50075' height='304.8' modelSize='43932' movable='false' cutOutShape='M0,0 v1 h1 v-1 z' wallCutOutOnBothSides='true'/>
    <doorOrWindow level='level-aac2f875-f834-4da7-8399-b58b1670b145' catalogId='Scopia#garage-door' name='车库门' creator='Scopia' model='4/garage-door.obj' x='12071.251' y='6725.319' angle='4.712389' width='274.32' depth='7.50075' height='304.8' modelSize='43932' movable='false' cutOutShape='M0,0 v1 h1 v-1 z' wallCutOutOnBothSides='true'/>
    <doorOrWindow level='level-aac2f875-f834-4da7-8399-b58b1670b145' catalogId='Scopia#garage-door' name='车库门' creator='Scopia' model='4/garage-door.obj' x='12071.251' y='7191.904' angle='4.712389' width='274.32' depth='7.50075' height='304.8' modelSize='43932' movable='false' cutOutShape='M0,0 v1 h1 v-1 z' wallCutOutOnBothSides='true'/>
    <doorOrWindow level='level-aac2f875-f834-4da7-8399-b58b1670b145' catalogId='Scopia#garage-door' name='车库门' creator='Scopia' model='4/garage-door.obj' x='12071.251' y='7658.4897' angle='4.712389' width='274.32' depth='7.50075' height='304.8' modelSize='43932' movable='false' cutOutShape='M0,0 v1 h1 v-1 z' wallCutOutOnBothSides='true'/>
    <doorOrWindow level='level-aac2f875-f834-4da7-8399-b58b1670b145' catalogId='Scopia#garage-door' name='车库门' creator='Scopia' model='4/garage-door.obj' x='12071.251' y='8125.0757' angle='4.712389' width='274.32' depth='7.50075' height='304.8' modelSize='43932' movable='false' cutOutShape='M0,0 v1 h1 v-1 z' wallCutOutOnBothSides='true'/>
    <doorOrWindow level='level-aac2f875-f834-4da7-8399-b58b1670b145' catalogId='Scopia#garage-door' name='车库门' creator='Scopia' model='4/garage-door.obj' x='12071.251' y='8591.67' angle='4.712389' width='274.32' depth='7.50075' height='304.8' modelSize='43932' movable='false' cutOutShape='M0,0 v1 h1 v-1 z' wallCutOutOnBothSides='true'/>
    <doorOrWindow level='level-aac2f875-f834-4da7-8399-b58b1670b145' catalogId='Scopia#garage-door' name='车库门' creator='Scopia' model='4/garage-door.obj' x='12071.251' y='9058.248' angle='4.712389' width='274.32' depth='7.50075' height='304.8' modelSize='43932' movable='false' cutOutShape='M0,0 v1 h1 v-1 z' wallCutOutOnBothSides='true'/>
  </furnitureGroup>
  <pieceOfFurniture level='level-aac2f875-f834-4da7-8399-b58b1670b145' name='truck-1' model='6/dafTruck.obj' x='13162.113' y='4427.6943' angle='4.712389' width='305.7525' depth='1653.5399' height='400.3675' modelSize='628434'/>
  <pieceOfFurniture level='level-aac2f875-f834-4da7-8399-b58b1670b145' name='truck-2' model='6/dafTruck.obj' x='13162.113' y='4924.215' angle='4.712389' width='305.7525' depth='1653.5399' height='400.3675' modelSize='628434'/>
  <pieceOfFurniture level='level-aac2f875-f834-4da7-8399-b58b1670b145' name='truck-3' model='6/dafTruck.obj' x='13162.113' y='5420.7363' angle='4.712389' width='305.7525' depth='1653.5399' height='400.3675' modelSize='628434'/>
  <pieceOfFurniture level='level-aac2f875-f834-4da7-8399-b58b1670b145' name='truck-4' model='6/dafTruck.obj' x='13162.113' y='5917.258' angle='4.712389' width='305.7525' depth='1653.5399' height='400.3675' modelSize='628434'/>
  <pieceOfFurniture level='level-aac2f875-f834-4da7-8399-b58b1670b145' name='truck-5' model='6/dafTruck.obj' x='13162.113' y='6413.7793' angle='4.712389' width='305.7525' depth='1653.5399' height='400.3675' modelSize='628434'/>
  <pieceOfFurniture level='level-aac2f875-f834-4da7-8399-b58b1670b145' name='truck-6' model='6/dafTruck.obj' x='13162.113' y='6910.301' angle='4.712389' width='305.7525' depth='1653.5399' height='400.3675' modelSize='628434'/>
  <pieceOfFurniture level='level-aac2f875-f834-4da7-8399-b58b1670b145' name='truck-7' model='6/dafTruck.obj' x='13162.113' y='7406.822' angle='4.712389' width='305.7525' depth='1653.5399' height='400.3675' modelSize='628434'/>
  <pieceOfFurniture level='level-aac2f875-f834-4da7-8399-b58b1670b145' name='truck-8' model='6/dafTruck.obj' x='13149.396' y='7903.3433' angle='4.712389' width='305.7525' depth='1653.5399' height='400.3675' modelSize='628434'/>
  <pieceOfFurniture level='level-aac2f875-f834-4da7-8399-b58b1670b145' name='truck-9' model='6/dafTruck.obj' x='13162.113' y='8399.865' angle='4.712389' width='305.7525' depth='1653.5399' height='400.3675' modelSize='628434'/>
  <pieceOfFurniture level='level-aac2f875-f834-4da7-8399-b58b1670b145' name='truck-10' model='6/dafTruck.obj' x='13162.113' y='8896.387' angle='4.712389' width='305.7525' depth='1653.5399' height='400.3675' modelSize='628434'/>
  <pieceOfFurniture level='level-aac2f875-f834-4da7-8399-b58b1670b145' name='truck-11' model='6/dafTruck.obj' x='13162.113' y='9392.908' angle='4.712389' width='305.7525' depth='1653.5399' height='400.3675' modelSize='628434'/>
  <pieceOfFurniture level='level-aac2f875-f834-4da7-8399-b58b1670b145' name='truck-12' model='6/dafTruck.obj' x='13162.113' y='9889.428' angle='4.712389' width='305.7525' depth='1653.5399' height='400.3675' modelSize='628434'/>
  <pieceOfFurniture level='level-aac2f875-f834-4da7-8399-b58b1670b145' name='forklift-1' model='2/forkLift.obj' x='6881.5557' y='4411.9253' angle='4.712389' width='351.4725' depth='130.175' height='215.5825' modelSize='174862'/>
  <pieceOfFurniture level='level-aac2f875-f834-4da7-8399-b58b1670b145' name='forklift-5' model='2/forkLift.obj' x='11073.435' y='5595.105' angle='3.1415927' width='351.4725' depth='130.175' height='215.5825' modelSize='174862'/>
  <pieceOfFurniture level='level-aac2f875-f834-4da7-8399-b58b1670b145' name='mannequinMale' model='8/mannequinMale.obj' x='11669.364' y='5514.818' width='71.4375' depth='34.29' height='188.595' modelSize='1365753'/>
  <pieceOfFurniture level='level-aac2f875-f834-4da7-8399-b58b1670b145' name='mannequinMale' model='8/mannequinMale.obj' x='11875.478' y='4568.742' width='71.4375' depth='34.29' height='188.595' modelSize='1365753'/>
  <pieceOfFurniture level='level-aac2f875-f834-4da7-8399-b58b1670b145' name='mannequinMale' model='8/mannequinMale.obj' x='11552.746' y='4130.6196' width='71.4375' depth='34.29' height='188.595' modelSize='1365753'/>
  <pieceOfFurniture level='level-aac2f875-f834-4da7-8399-b58b1670b145' name='truck-13' model='6/dafTruck.obj' x='13209.73' y='11793.774' angle='4.712389' width='305.7525' depth='1653.5399' height='400.3675' modelSize='628434'/>
  <pieceOfFurniture level='level-aac2f875-f834-4da7-8399-b58b1670b145' name='truck-14' model='6/dafTruck.obj' x='13209.73' y='12290.295' angle='4.712389' width='305.7525' depth='1653.5399' height='400.3675' modelSize='628434'/>
  <pieceOfFurniture level='level-aac2f875-f834-4da7-8399-b58b1670b145' name='truck-15' model='6/dafTruck.obj' x='13209.73' y='12786.816' angle='4.712389' width='305.7525' depth='1653.5399' height='400.3675' modelSize='628434'/>
  <pieceOfFurniture level='level-aac2f875-f834-4da7-8399-b58b1670b145' name='truck-16' model='6/dafTruck.obj' x='13209.73' y='13283.338' angle='4.712389' width='305.7525' depth='1653.5399' height='400.3675' modelSize='628434'/>
  <pieceOfFurniture level='level-aac2f875-f834-4da7-8399-b58b1670b145' name='truck-17' model='6/dafTruck.obj' x='13209.73' y='13779.859' angle='4.712389' width='305.7525' depth='1653.5399' height='400.3675' modelSize='628434'/>
  <pieceOfFurniture level='level-aac2f875-f834-4da7-8399-b58b1670b145' name='truck-18' model='6/dafTruck.obj' x='13209.73' y='14276.381' angle='4.712389' width='305.7525' depth='1653.5399' height='400.3675' modelSize='628434'/>
  <pieceOfFurniture level='level-aac2f875-f834-4da7-8399-b58b1670b145' name='truck-19' model='6/dafTruck.obj' x='13209.73' y='14772.902' angle='4.712389' width='305.7525' depth='1653.5399' height='400.3675' modelSize='628434'/>
  <pieceOfFurniture level='level-aac2f875-f834-4da7-8399-b58b1670b145' name='truck-20' model='6/dafTruck.obj' x='13209.73' y='15269.424' angle='4.712389' width='305.7525' depth='1653.5399' height='400.3675' modelSize='628434'/>
  <pieceOfFurniture level='level-aac2f875-f834-4da7-8399-b58b1670b145' name='truck-21' model='6/dafTruck.obj' x='13209.73' y='15765.946' angle='4.712389' width='305.7525' depth='1653.5399' height='400.3675' modelSize='628434'/>
  <pieceOfFurniture level='level-aac2f875-f834-4da7-8399-b58b1670b145' name='truck-22' model='6/dafTruck.obj' x='13209.73' y='16262.468' angle='4.712389' width='305.7525' depth='1653.5399' height='400.3675' modelSize='628434'/>
  <pieceOfFurniture level='level-aac2f875-f834-4da7-8399-b58b1670b145' name='truck-23' model='6/dafTruck.obj' x='13209.73' y='16758.992' angle='4.712389' width='305.7525' depth='1653.5399' height='400.3675' modelSize='628434'/>
  <pieceOfFurniture level='level-aac2f875-f834-4da7-8399-b58b1670b145' name='truck-24' model='6/dafTruck.obj' x='13222.445' y='17255.508' angle='4.712389' width='305.7525' depth='1653.5399' height='400.3675' modelSize='628434'/>
  <furnitureGroup level='level-aac2f875-f834-4da7-8399-b58b1670b145' name='dock' x='12066.879' y='14109.812' angle='4.712389' width='4940.1816' depth='16.256836' height='304.8' movable='false'>
    <doorOrWindow level='level-aac2f875-f834-4da7-8399-b58b1670b145' catalogId='Scopia#garage-door' name='车库门' creator='Scopia' model='4/garage-door.obj' x='12062.501' y='11776.881' angle='4.712389' width='274.32' depth='7.50075' height='304.8' modelSize='43932' movable='false' cutOutShape='M0,0 v1 h1 v-1 z' wallCutOutOnBothSides='true'/>
    <doorOrWindow level='level-aac2f875-f834-4da7-8399-b58b1670b145' catalogId='Scopia#garage-door' name='车库门' creator='Scopia' model='4/garage-door.obj' x='12062.501' y='12243.464' angle='4.712389' width='274.32' depth='7.50075' height='304.8' modelSize='43932' movable='false' cutOutShape='M0,0 v1 h1 v-1 z' wallCutOutOnBothSides='true'/>
    <doorOrWindow level='level-aac2f875-f834-4da7-8399-b58b1670b145' catalogId='Scopia#garage-door' name='车库门' creator='Scopia' model='4/garage-door.obj' x='12062.501' y='12710.052' angle='4.712389' width='274.32' depth='7.50075' height='304.8' modelSize='43932' movable='false' cutOutShape='M0,0 v1 h1 v-1 z' wallCutOutOnBothSides='true'/>
    <doorOrWindow level='level-aac2f875-f834-4da7-8399-b58b1670b145' catalogId='Scopia#garage-door' name='车库门' creator='Scopia' model='4/garage-door.obj' x='12062.501' y='13176.638' angle='4.712389' width='274.32' depth='7.50075' height='304.8' modelSize='43932' movable='false' cutOutShape='M0,0 v1 h1 v-1 z' wallCutOutOnBothSides='true'/>
    <doorOrWindow level='level-aac2f875-f834-4da7-8399-b58b1670b145' catalogId='Scopia#garage-door' name='车库门' creator='Scopia' model='4/garage-door.obj' x='12062.501' y='13643.224' angle='4.712389' width='274.32' depth='7.50075' height='304.8' modelSize='43932' movable='false' cutOutShape='M0,0 v1 h1 v-1 z' wallCutOutOnBothSides='true'/>
    <doorOrWindow level='level-aac2f875-f834-4da7-8399-b58b1670b145' catalogId='Scopia#garage-door' name='车库门' creator='Scopia' model='4/garage-door.obj' x='12071.257' y='14109.81' angle='4.712389' width='274.32' depth='7.50075' height='304.8' modelSize='43932' movable='false' cutOutShape='M0,0 v1 h1 v-1 z' wallCutOutOnBothSides='true'/>
    <doorOrWindow level='level-aac2f875-f834-4da7-8399-b58b1670b145' catalogId='Scopia#garage-door' name='车库门' creator='Scopia' model='4/garage-door.obj' x='12071.257' y='14576.396' angle='4.712389' width='274.32' depth='7.50075' height='304.8' modelSize='43932' movable='false' cutOutShape='M0,0 v1 h1 v-1 z' wallCutOutOnBothSides='true'/>
    <doorOrWindow level='level-aac2f875-f834-4da7-8399-b58b1670b145' catalogId='Scopia#garage-door' name='车库门' creator='Scopia' model='4/garage-door.obj' x='12071.257' y='15042.982' angle='4.712389' width='274.32' depth='7.50075' height='304.8' modelSize='43932' movable='false' cutOutShape='M0,0 v1 h1 v-1 z' wallCutOutOnBothSides='true'/>
    <doorOrWindow level='level-aac2f875-f834-4da7-8399-b58b1670b145' catalogId='Scopia#garage-door' name='车库门' creator='Scopia' model='4/garage-door.obj' x='12071.257' y='15509.568' angle='4.712389' width='274.32' depth='7.50075' height='304.8' modelSize='43932' movable='false' cutOutShape='M0,0 v1 h1 v-1 z' wallCutOutOnBothSides='true'/>
    <doorOrWindow level='level-aac2f875-f834-4da7-8399-b58b1670b145' catalogId='Scopia#garage-door' name='车库门' creator='Scopia' model='4/garage-door.obj' x='12071.257' y='15976.162' angle='4.712389' width='274.32' depth='7.50075' height='304.8' modelSize='43932' movable='false' cutOutShape='M0,0 v1 h1 v-1 z' wallCutOutOnBothSides='true'/>
    <doorOrWindow level='level-aac2f875-f834-4da7-8399-b58b1670b145' catalogId='Scopia#garage-door' name='车库门' creator='Scopia' model='4/garage-door.obj' x='12071.257' y='16442.742' angle='4.712389' width='274.32' depth='7.50075' height='304.8' modelSize='43932' movable='false' cutOutShape='M0,0 v1 h1 v-1 z' wallCutOutOnBothSides='true'/>
  </furnitureGroup>
  <pieceOfFurniture level='level-aac2f875-f834-4da7-8399-b58b1670b145' name='forklift-4' model='2/forkLift.obj' x='6610.65' y='7534.998' width='351.4725' depth='130.175' height='215.5825' modelSize='174862'/>
  <pieceOfFurniture level='level-aac2f875-f834-4da7-8399-b58b1670b145' name='forklift-2' model='2/forkLift.obj' x='4975.736' y='13168.235' angle='4.712389' width='351.4725' depth='130.175' height='215.5825' modelSize='174862'/>
  <furnitureGroup level='level-aac2f875-f834-4da7-8399-b58b1670b145' name='parkingSlot' x='12686.391' y='20269.02' angle='1.5707964' width='5224.7812' depth='504.82422' height='0.3175' movable='false'>
    <pieceOfFurniture level='level-aac2f875-f834-4da7-8399-b58b1670b145' catalogId='Scopia#stationnement-en-bataille' name='Parking slot 90°' creator='Scopia' model='10/stationnement-en-bataille.obj' x='12686.391' y='17775.375' angle='1.5707964' width='237.48999' depth='504.82498' height='0.3175' color='FFFFEF3C' modelSize='27317' movable='false'/>
    <pieceOfFurniture level='level-aac2f875-f834-4da7-8399-b58b1670b145' catalogId='Scopia#stationnement-en-bataille' name='Parking slot 90°' creator='Scopia' model='10/stationnement-en-bataille.obj' x='12686.391' y='18012.865' angle='1.5707964' width='237.48999' depth='504.82498' height='0.3175' color='FFFFEF3C' modelSize='27317' movable='false'/>
    <pieceOfFurniture level='level-aac2f875-f834-4da7-8399-b58b1670b145' catalogId='Scopia#stationnement-en-bataille' name='Parking slot 90°' creator='Scopia' model='10/stationnement-en-bataille.obj' x='12686.391' y='18250.355' angle='1.5707964' width='237.48999' depth='504.82498' height='0.3175' color='FFFFEF3C' modelSize='27317' movable='false'/>
    <pieceOfFurniture level='level-aac2f875-f834-4da7-8399-b58b1670b145' catalogId='Scopia#stationnement-en-bataille' name='Parking slot 90°' creator='Scopia' model='10/stationnement-en-bataille.obj' x='12686.391' y='18487.846' angle='1.5707964' width='237.48999' depth='504.82498' height='0.3175' color='FFFFEF3C' modelSize='27317' movable='false'/>
    <pieceOfFurniture level='level-aac2f875-f834-4da7-8399-b58b1670b145' catalogId='Scopia#stationnement-en-bataille' name='Parking slot 90°' creator='Scopia' model='10/stationnement-en-bataille.obj' x='12686.391' y='18725.336' angle='1.5707964' width='237.48999' depth='504.82498' height='0.3175' color='FFFFEF3C' modelSize='27317' movable='false'/>
    <pieceOfFurniture level='level-aac2f875-f834-4da7-8399-b58b1670b145' catalogId='Scopia#stationnement-en-bataille' name='Parking slot 90°' creator='Scopia' model='10/stationnement-en-bataille.obj' x='12686.391' y='18962.824' angle='1.5707964' width='237.48999' depth='504.82498' height='0.3175' color='FFFFEF3C' modelSize='27317' movable='false'/>
    <pieceOfFurniture level='level-aac2f875-f834-4da7-8399-b58b1670b145' catalogId='Scopia#stationnement-en-bataille' name='Parking slot 90°' creator='Scopia' model='10/stationnement-en-bataille.obj' x='12686.391' y='19200.314' angle='1.5707964' width='237.48999' depth='504.82498' height='0.3175' color='FFFFEF3C' modelSize='27317' movable='false'/>
    <pieceOfFurniture level='level-aac2f875-f834-4da7-8399-b58b1670b145' catalogId='Scopia#stationnement-en-bataille' name='Parking slot 90°' creator='Scopia' model='10/stationnement-en-bataille.obj' x='12686.391' y='19437.805' angle='1.5707964' width='237.48999' depth='504.82498' height='0.3175' color='FFFFEF3C' modelSize='27317' movable='false'/>
    <pieceOfFurniture level='level-aac2f875-f834-4da7-8399-b58b1670b145' catalogId='Scopia#stationnement-en-bataille' name='Parking slot 90°' creator='Scopia' model='10/stationnement-en-bataille.obj' x='12686.391' y='19675.295' angle='1.5707964' width='237.48999' depth='504.82498' height='0.3175' color='FFFFEF3C' modelSize='27317' movable='false'/>
    <pieceOfFurniture level='level-aac2f875-f834-4da7-8399-b58b1670b145' catalogId='Scopia#stationnement-en-bataille' name='Parking slot 90°' creator='Scopia' model='10/stationnement-en-bataille.obj' x='12686.391' y='19912.785' angle='1.5707964' width='237.48999' depth='504.82498' height='0.3175' color='FFFFEF3C' modelSize='27317' movable='false'/>
    <pieceOfFurniture level='level-aac2f875-f834-4da7-8399-b58b1670b145' catalogId='Scopia#stationnement-en-bataille' name='Parking slot 90°' creator='Scopia' model='10/stationnement-en-bataille.obj' x='12686.391' y='20150.275' angle='1.5707964' width='237.48999' depth='504.82498' height='0.3175' color='FFFFEF3C' modelSize='27317' movable='false'/>
    <pieceOfFurniture level='level-aac2f875-f834-4da7-8399-b58b1670b145' catalogId='Scopia#stationnement-en-bataille' name='Parking slot 90°' creator='Scopia' model='10/stationnement-en-bataille.obj' x='12686.391' y='20387.766' angle='1.5707964' width='237.48999' depth='504.82498' height='0.3175' color='FFFFEF3C' modelSize='27317' movable='false'/>
    <pieceOfFurniture level='level-aac2f875-f834-4da7-8399-b58b1670b145' catalogId='Scopia#stationnement-en-bataille' name='Parking slot 90°' creator='Scopia' model='10/stationnement-en-bataille.obj' x='12686.391' y='20625.254' angle='1.5707964' width='237.48999' depth='504.82498' height='0.3175' color='FFFFEF3C' modelSize='27317' movable='false'/>
    <pieceOfFurniture level='level-aac2f875-f834-4da7-8399-b58b1670b145' catalogId='Scopia#stationnement-en-bataille' name='Parking slot 90°' creator='Scopia' model='10/stationnement-en-bataille.obj' x='12686.391' y='20862.744' angle='1.5707964' width='237.48999' depth='504.82498' height='0.3175' color='FFFFEF3C' modelSize='27317' movable='false'/>
    <pieceOfFurniture level='level-aac2f875-f834-4da7-8399-b58b1670b145' catalogId='Scopia#stationnement-en-bataille' name='Parking slot 90°' creator='Scopia' model='10/stationnement-en-bataille.obj' x='12686.391' y='21100.234' angle='1.5707964' width='237.48999' depth='504.82498' height='0.3175' color='FFFFEF3C' modelSize='27317' movable='false'/>
    <pieceOfFurniture level='level-aac2f875-f834-4da7-8399-b58b1670b145' catalogId='Scopia#stationnement-en-bataille' name='Parking slot 90°' creator='Scopia' model='10/stationnement-en-bataille.obj' x='12686.391' y='21337.725' angle='1.5707964' width='237.48999' depth='504.82498' height='0.3175' color='FFFFEF3C' modelSize='27317' movable='false'/>
    <pieceOfFurniture level='level-aac2f875-f834-4da7-8399-b58b1670b145' catalogId='Scopia#stationnement-en-bataille' name='Parking slot 90°' creator='Scopia' model='10/stationnement-en-bataille.obj' x='12686.391' y='21575.215' angle='1.5707964' width='237.48999' depth='504.82498' height='0.3175' color='FFFFEF3C' modelSize='27317' movable='false'/>
    <pieceOfFurniture level='level-aac2f875-f834-4da7-8399-b58b1670b145' catalogId='Scopia#stationnement-en-bataille' name='Parking slot 90°' creator='Scopia' model='10/stationnement-en-bataille.obj' x='12686.391' y='21812.705' angle='1.5707964' width='237.48999' depth='504.82498' height='0.3175' color='FFFFEF3C' modelSize='27317' movable='false'/>
    <pieceOfFurniture level='level-aac2f875-f834-4da7-8399-b58b1670b145' catalogId='Scopia#stationnement-en-bataille' name='Parking slot 90°' creator='Scopia' model='10/stationnement-en-bataille.obj' x='12686.391' y='22050.195' angle='1.5707964' width='237.48999' depth='504.82498' height='0.3175' color='FFFFEF3C' modelSize='27317' movable='false'/>
    <pieceOfFurniture level='level-aac2f875-f834-4da7-8399-b58b1670b145' catalogId='Scopia#stationnement-en-bataille' name='Parking slot 90°' creator='Scopia' model='10/stationnement-en-bataille.obj' x='12686.391' y='22287.684' angle='1.5707964' width='237.48999' depth='504.82498' height='0.3175' color='FFFFEF3C' modelSize='27317' movable='false'/>
    <pieceOfFurniture level='level-aac2f875-f834-4da7-8399-b58b1670b145' catalogId='Scopia#stationnement-en-bataille' name='Parking slot 90°' creator='Scopia' model='10/stationnement-en-bataille.obj' x='12686.391' y='22525.174' angle='1.5707964' width='237.48999' depth='504.82498' height='0.3175' color='FFFFEF3C' modelSize='27317' movable='false'/>
    <pieceOfFurniture level='level-aac2f875-f834-4da7-8399-b58b1670b145' catalogId='Scopia#stationnement-en-bataille' name='Parking slot 90°' creator='Scopia' model='10/stationnement-en-bataille.obj' x='12686.391' y='22762.664' angle='1.5707964' width='237.48999' depth='504.82498' height='0.3175' color='FFFFEF3C' modelSize='27317' movable='false'/>
  </furnitureGroup>
  <pieceOfFurniture level='level-aac2f875-f834-4da7-8399-b58b1670b145' catalogId='Scopia#coconutTree' name='Coconut tree' creator='Scopia' model='12/coconutTree.obj' x='15842.129' y='17111.854' width='777.24' depth='800.1' height='1100.1375' modelSize='4032265' movable='false'/>
  <pieceOfFurniture level='level-aac2f875-f834-4da7-8399-b58b1670b145' catalogId='Scopia#coconutTree' name='Coconut tree' creator='Scopia' model='12/coconutTree.obj' x='15844.035' y='17911.953' width='777.24' depth='800.1' height='1100.1375' modelSize='4032265' movable='false'/>
  <pieceOfFurniture level='level-aac2f875-f834-4da7-8399-b58b1670b145' catalogId='Scopia#coconutTree' name='Coconut tree' creator='Scopia' model='12/coconutTree.obj' x='15842.129' y='18712.053' width='777.24' depth='800.1' height='1100.1375' modelSize='4032265' movable='false'/>
  <pieceOfFurniture level='level-aac2f875-f834-4da7-8399-b58b1670b145' catalogId='Scopia#coconutTree' name='Coconut tree' creator='Scopia' model='12/coconutTree.obj' x='15842.129' y='15465.29' width='777.24' depth='800.1' height='1100.1375' modelSize='4032265' movable='false'/>
  <pieceOfFurniture level='level-aac2f875-f834-4da7-8399-b58b1670b145' catalogId='Scopia#coconutTree' name='Coconut tree' creator='Scopia' model='12/coconutTree.obj' x='15860.223' y='19512.152' width='777.24' depth='800.1' height='1100.1375' modelSize='4032265' movable='false'/>
  <pieceOfFurniture level='level-aac2f875-f834-4da7-8399-b58b1670b145' catalogId='Scopia#coconutTree' name='Coconut tree' creator='Scopia' model='12/coconutTree.obj' x='14105.095' y='22974.346' width='777.24' depth='800.1' height='1100.1375' modelSize='4032265' movable='false'/>
  <pieceOfFurniture level='level-aac2f875-f834-4da7-8399-b58b1670b145' catalogId='Scopia#coconutTree' name='Coconut tree' creator='Scopia' model='12/coconutTree.obj' x='15860.223' y='14665.19' width='777.24' depth='800.1' height='1100.1375' modelSize='4032265' movable='false'/>
  <pieceOfFurniture level='level-aac2f875-f834-4da7-8399-b58b1670b145' catalogId='Scopia#coconutTree' name='Coconut tree' creator='Scopia' model='12/coconutTree.obj' x='15842.129' y='13865.091' width='777.24' depth='800.1' height='1100.1375' modelSize='4032265' movable='false'/>
  <pieceOfFurniture level='level-aac2f875-f834-4da7-8399-b58b1670b145' catalogId='Scopia#coconutTree' name='Coconut tree' creator='Scopia' model='12/coconutTree.obj' x='15844.035' y='13064.991' width='777.24' depth='800.1' height='1100.1375' modelSize='4032265' movable='false'/>
  <pieceOfFurniture level='level-aac2f875-f834-4da7-8399-b58b1670b145' catalogId='Scopia#coconutTree' name='Coconut tree' creator='Scopia' model='12/coconutTree.obj' x='15860.223' y='12264.892' width='777.24' depth='800.1' height='1100.1375' modelSize='4032265' movable='false'/>
  <pieceOfFurniture level='level-aac2f875-f834-4da7-8399-b58b1670b145' catalogId='Scopia#coconutTree' name='Coconut tree' creator='Scopia' model='12/coconutTree.obj' x='15842.129' y='11464.792' width='777.24' depth='800.1' height='1100.1375' modelSize='4032265' movable='false'/>
  <pieceOfFurniture level='level-aac2f875-f834-4da7-8399-b58b1670b145' catalogId='Scopia#coconutTree' name='Coconut tree' creator='Scopia' model='12/coconutTree.obj' x='15878.316' y='8961.587' width='777.24' depth='800.1' height='1100.1375' modelSize='4032265' movable='false'/>
  <pieceOfFurniture level='level-aac2f875-f834-4da7-8399-b58b1670b145' catalogId='Scopia#coconutTree' name='Coconut tree' creator='Scopia' model='12/coconutTree.obj' x='15878.316' y='8161.4873' width='777.24' depth='800.1' height='1100.1375' modelSize='4032265' movable='false'/>
  <pieceOfFurniture level='level-aac2f875-f834-4da7-8399-b58b1670b145' catalogId='Scopia#coconutTree' name='Coconut tree' creator='Scopia' model='12/coconutTree.obj' x='15878.316' y='5614.177' width='777.24' depth='800.1' height='1100.1375' modelSize='4032265' movable='false'/>
  <pieceOfFurniture level='level-aac2f875-f834-4da7-8399-b58b1670b145' catalogId='Scopia#route2VoiesAvecTrottoirs' name='Road 2 lanes' creator='Scopia' model='14/route2VoiesAvecTrottoirs.obj' x='14951.061' y='13056.522' angle='4.712389' width='21336.0' depth='609.6' height='18.0975' modelSize='184167' movable='false'/>
  <pieceOfFurniture level='level-aac2f875-f834-4da7-8399-b58b1670b145' catalogId='Scopia#stationnement-en-bataille' name='Parking slot 90°' creator='Scopia' model='10/stationnement-en-bataille.obj' x='12634.014' y='10247.863' angle='1.5707964' width='237.48999' depth='504.82498' height='0.3175' color='FFFFEF3C' modelSize='27317' movable='false'/>
  <pieceOfFurniture level='level-aac2f875-f834-4da7-8399-b58b1670b145' catalogId='Scopia#stationnement-en-bataille' name='Parking slot 90°' creator='Scopia' model='10/stationnement-en-bataille.obj' x='12634.014' y='10485.354' angle='1.5707964' width='237.48999' depth='504.82498' height='0.3175' color='FFFFEF3C' modelSize='27317' movable='false'/>
  <pieceOfFurniture level='level-aac2f875-f834-4da7-8399-b58b1670b145' catalogId='Scopia#stationnement-en-bataille' name='Parking slot 90°' creator='Scopia' model='10/stationnement-en-bataille.obj' x='12634.014' y='10722.844' angle='1.5707964' width='237.48999' depth='504.82498' height='0.3175' color='FFFFEF3C' modelSize='27317' movable='false'/>
  <pieceOfFurniture level='level-aac2f875-f834-4da7-8399-b58b1670b145' catalogId='Scopia#stationnement-en-bataille' name='Parking slot 90°' creator='Scopia' model='10/stationnement-en-bataille.obj' x='12634.014' y='10960.334' angle='1.5707964' width='237.48999' depth='504.82498' height='0.3175' color='FFFFEF3C' modelSize='27317' movable='false'/>
  <pieceOfFurniture level='level-aac2f875-f834-4da7-8399-b58b1670b145' catalogId='Scopia#stationnement-en-bataille' name='Parking slot 90°' creator='Scopia' model='10/stationnement-en-bataille.obj' x='12634.014' y='11197.823' angle='1.5707964' width='237.48999' depth='504.82498' height='0.3175' color='FFFFEF3C' modelSize='27317' movable='false'/>
  <pieceOfFurniture level='level-aac2f875-f834-4da7-8399-b58b1670b145' catalogId='Scopia#stationnement-en-bataille' name='Parking slot 90°' creator='Scopia' model='10/stationnement-en-bataille.obj' x='12634.014' y='11435.313' angle='1.5707964' width='237.48999' depth='504.82498' height='0.3175' color='FFFFEF3C' modelSize='27317' movable='false'/>
  <doorOrWindow level='level-aac2f875-f834-4da7-8399-b58b1670b145' catalogId='Scopia#garage-door' name='车库门' creator='Scopia' model='4/garage-door.obj' x='12065.825' y='10256.797' angle='4.7119327' width='274.32' depth='7.50075' height='304.8' modelSize='43932' movable='false' cutOutShape='M0,0 v1 h1 v-1 z' wallCutOutOnBothSides='true'/>
  <doorOrWindow level='level-aac2f875-f834-4da7-8399-b58b1670b145' catalogId='Scopia#garage-door' name='车库门' creator='Scopia' model='4/garage-door.obj' x='12065.999' y='10638.702' angle='4.7119327' width='274.32' depth='7.50075' height='304.8' modelSize='43932' movable='false' cutOutShape='M0,0 v1 h1 v-1 z' wallCutOutOnBothSides='true'/>
  <doorOrWindow level='level-aac2f875-f834-4da7-8399-b58b1670b145' catalogId='Scopia#garage-door' name='车库门' creator='Scopia' model='4/garage-door.obj' x='12066.24' y='11165.317' angle='4.7119327' width='274.32' depth='7.50075' height='304.8' modelSize='43932' movable='false' cutOutShape='M0,0 v1 h1 v-1 z' wallCutOutOnBothSides='true'/>
  <doorOrWindow level='level-aac2f875-f834-4da7-8399-b58b1670b145' catalogId='OlaKristianHoff#door_window_thick' name='Door window' creator='Ola-Kristian Hoff' model='16/door_window_thick.obj' x='12070.211' y='18389.523' elevation='11.1125' angle='4.7119327' width='80.01' depth='8.846904' height='209.8675' modelSize='11707' movable='false' cutOutShape='M0,0 v1 h1 v-1 z' wallCutOutOnBothSides='true'/>
  <pieceOfFurniture level='level-aac2f875-f834-4da7-8399-b58b1670b145' name='rack183' model='18/utility-shelving.obj' x='9191.9795' y='3381.427' width='4267.2' depth='104.14' height='871.22' modelSize='1186930'/>
  <pieceOfFurniture level='level-aac2f875-f834-4da7-8399-b58b1670b145' name='rack182' model='18/utility-shelving.obj' x='9193.885' y='3845.7615' width='4267.1997' depth='104.14' height='871.22' modelSize='1186930'/>
  <pieceOfFurniture level='level-aac2f875-f834-4da7-8399-b58b1670b145' name='rack181' model='18/utility-shelving.obj' x='9193.733' y='3949.9014' width='4267.1997' depth='104.14' height='871.22' modelSize='1186930'/>
  <pieceOfFurniture level='level-aac2f875-f834-4da7-8399-b58b1670b145' name='rack180' model='18/utility-shelving.obj' x='9203.657' y='4544.2036' width='4267.1997' depth='104.14' height='871.22' modelSize='1186930'/>
  <pieceOfFurniture level='level-aac2f875-f834-4da7-8399-b58b1670b145' name='rack179' model='18/utility-shelving.obj' x='9203.506' y='4648.3438' width='4267.1997' depth='104.14' height='871.22' modelSize='1186930'/>
  <pieceOfFurniture level='level-aac2f875-f834-4da7-8399-b58b1670b145' name='rack178' model='18/utility-shelving.obj' x='9193.431' y='5178.808' width='4267.1997' depth='104.14' height='871.22' modelSize='1186930'/>
  <pieceOfFurniture level='level-aac2f875-f834-4da7-8399-b58b1670b145' name='rack177' model='18/utility-shelving.obj' x='9193.279' y='5282.948' width='4267.1997' depth='104.14' height='871.22' modelSize='1186930'/>
  <pieceOfFurniture level='level-aac2f875-f834-4da7-8399-b58b1670b145' name='rack176' model='18/utility-shelving.obj' x='9213.279' y='5830.59' width='4267.1997' depth='104.14' height='871.22' modelSize='1186930'/>
  <pieceOfFurniture level='level-aac2f875-f834-4da7-8399-b58b1670b145' name='rack175' model='18/utility-shelving.obj' x='9223.204' y='5934.73' width='4267.1997' depth='104.14' height='871.22' modelSize='1186930'/>
  <pieceOfFurniture level='level-aac2f875-f834-4da7-8399-b58b1670b145' name='rack174' model='18/utility-shelving.obj' x='9182.751' y='6428.278' width='4267.1997' depth='104.14' height='871.22' modelSize='1186930'/>
  <pieceOfFurniture level='level-aac2f875-f834-4da7-8399-b58b1670b145' name='rack173' model='18/utility-shelving.obj' x='9182.601' y='6532.418' width='4267.1997' depth='104.14' height='871.22' modelSize='1186930'/>
  <pieceOfFurniture level='level-aac2f875-f834-4da7-8399-b58b1670b145' name='rack172' model='18/utility-shelving.obj' x='9153.432' y='7170.5205' width='4267.1997' depth='104.14' height='871.22' modelSize='1186930'/>
  <pieceOfFurniture level='level-aac2f875-f834-4da7-8399-b58b1670b145' name='rack171' model='18/utility-shelving.obj' x='9153.28' y='7274.66' width='4267.1997' depth='104.14' height='871.22' modelSize='1186930'/>
  <pieceOfFurniture level='level-aac2f875-f834-4da7-8399-b58b1670b145' name='rack170' model='18/utility-shelving.obj' x='9163.204' y='7868.9624' width='4267.1997' depth='104.14' height='871.22' modelSize='1186930'/>
  <pieceOfFurniture level='level-aac2f875-f834-4da7-8399-b58b1670b145' name='rack169' model='18/utility-shelving.obj' x='9163.053' y='7973.1025' width='4267.1997' depth='104.14' height='871.22' modelSize='1186930'/>
  <pieceOfFurniture level='level-aac2f875-f834-4da7-8399-b58b1670b145' name='rack168' model='18/utility-shelving.obj' x='9152.978' y='8503.566' width='4267.1997' depth='104.14' height='871.22' modelSize='1186930'/>
  <pieceOfFurniture level='level-aac2f875-f834-4da7-8399-b58b1670b145' name='rack167' model='18/utility-shelving.obj' x='9152.826' y='8607.707' width='4267.1997' depth='104.14' height='871.22' modelSize='1186930'/>
  <pieceOfFurniture level='level-aac2f875-f834-4da7-8399-b58b1670b145' name='rack166' model='18/utility-shelving.obj' x='9172.826' y='9155.349' width='4267.1997' depth='104.14' height='871.22' modelSize='1186930'/>
  <pieceOfFurniture level='level-aac2f875-f834-4da7-8399-b58b1670b145' name='rack165' model='18/utility-shelving.obj' x='9182.751' y='9259.488' width='4267.1997' depth='104.14' height='871.22' modelSize='1186930'/>
  <pieceOfFurniture level='level-aac2f875-f834-4da7-8399-b58b1670b145' name='rack164' model='18/utility-shelving.obj' x='9152.373' y='9753.037' width='4267.1997' depth='104.14' height='871.22' modelSize='1186930'/>
  <pieceOfFurniture level='level-aac2f875-f834-4da7-8399-b58b1670b145' name='rack163' model='18/utility-shelving.obj' x='9142.147' y='9857.177' width='4267.1997' depth='104.14' height='871.22' modelSize='1186930'/>
  <pieceOfFurniture level='level-aac2f875-f834-4da7-8399-b58b1670b145' name='rack162' model='18/utility-shelving.obj' x='9163.356' y='10424.75' width='4267.1997' depth='104.14' height='871.22' modelSize='1186930'/>
  <pieceOfFurniture level='level-aac2f875-f834-4da7-8399-b58b1670b145' name='rack161' model='18/utility-shelving.obj' x='9163.205' y='10528.89' width='4267.1997' depth='104.14' height='871.22' modelSize='1186930'/>
  <pieceOfFurniture level='level-aac2f875-f834-4da7-8399-b58b1670b145' name='rack160' model='18/utility-shelving.obj' x='9173.129' y='11123.191' width='4267.1997' depth='104.14' height='871.22' modelSize='1186930'/>
  <pieceOfFurniture level='level-aac2f875-f834-4da7-8399-b58b1670b145' name='rack159' model='18/utility-shelving.obj' x='9172.978' y='11227.332' width='4267.1997' depth='104.14' height='871.22' modelSize='1186930'/>
  <pieceOfFurniture level='level-aac2f875-f834-4da7-8399-b58b1670b145' name='rack158' model='18/utility-shelving.obj' x='9162.902' y='11757.796' width='4267.1997' depth='104.14' height='871.22' modelSize='1186930'/>
  <pieceOfFurniture level='level-aac2f875-f834-4da7-8399-b58b1670b145' name='rack155' model='18/utility-shelving.obj' x='9212.827' y='12533.72' width='4267.1997' depth='104.14' height='871.22' modelSize='1186930'/>
  <pieceOfFurniture level='level-aac2f875-f834-4da7-8399-b58b1670b145' name='rack154' model='18/utility-shelving.obj' x='9162.298' y='13007.267' width='4267.1997' depth='104.14' height='871.22' modelSize='1186930'/>
  <pieceOfFurniture level='level-aac2f875-f834-4da7-8399-b58b1670b145' name='rack153' model='18/utility-shelving.obj' x='9152.072' y='13111.406' width='4267.1997' depth='104.14' height='871.22' modelSize='1186930'/>
  <pieceOfFurniture level='level-aac2f875-f834-4da7-8399-b58b1670b145' name='rack152' model='18/utility-shelving.obj' x='9163.205' y='13678.979' width='4267.1997' depth='104.14' height='871.22' modelSize='1186930'/>
  <pieceOfFurniture level='level-aac2f875-f834-4da7-8399-b58b1670b145' name='rack151' model='18/utility-shelving.obj' x='9163.054' y='13783.118' width='4267.1997' depth='104.14' height='871.22' modelSize='1186930'/>
  <pieceOfFurniture level='level-aac2f875-f834-4da7-8399-b58b1670b145' name='rack150' model='18/utility-shelving.obj' x='9172.978' y='14377.42' width='4267.1997' depth='104.14' height='871.22' modelSize='1186930'/>
  <pieceOfFurniture level='level-aac2f875-f834-4da7-8399-b58b1670b145' name='rack149' model='18/utility-shelving.obj' x='9172.826' y='14481.561' width='4267.1997' depth='104.14' height='871.22' modelSize='1186930'/>
  <pieceOfFurniture level='level-aac2f875-f834-4da7-8399-b58b1670b145' name='rack148' model='18/utility-shelving.obj' x='9162.751' y='15012.024' width='4267.1997' depth='104.14' height='871.22' modelSize='1186930'/>
  <pieceOfFurniture level='level-aac2f875-f834-4da7-8399-b58b1670b145' name='rack147' model='18/utility-shelving.obj' x='9162.6' y='15116.165' width='4267.1997' depth='104.14' height='871.22' modelSize='1186930'/>
  <pieceOfFurniture level='level-aac2f875-f834-4da7-8399-b58b1670b145' name='rack146' model='18/utility-shelving.obj' x='9182.6' y='15663.807' width='4267.1997' depth='104.14' height='871.22' modelSize='1186930'/>
  <pieceOfFurniture level='level-aac2f875-f834-4da7-8399-b58b1670b145' name='rack145' model='18/utility-shelving.obj' x='9192.524' y='15767.946' width='4267.1997' depth='104.14' height='871.22' modelSize='1186930'/>
  <pieceOfFurniture level='level-aac2f875-f834-4da7-8399-b58b1670b145' name='rack144' model='18/utility-shelving.obj' x='9162.146' y='16261.495' width='4267.1997' depth='104.14' height='871.22' modelSize='1186930'/>
  <pieceOfFurniture level='level-aac2f875-f834-4da7-8399-b58b1670b145' name='rack143' model='18/utility-shelving.obj' x='9151.921' y='16365.636' width='4267.1997' depth='104.14' height='871.22' modelSize='1186930'/>
  <pieceOfFurniture level='level-aac2f875-f834-4da7-8399-b58b1670b145' name='rack142' model='18/utility-shelving.obj' x='9152.9795' y='16852.605' width='4267.1997' depth='104.14' height='871.22' modelSize='1186930'/>
  <pieceOfFurniture level='level-aac2f875-f834-4da7-8399-b58b1670b145' name='rack141' model='18/utility-shelving.obj' x='9152.828' y='16956.744' width='4267.1997' depth='104.14' height='871.22' modelSize='1186930'/>
  <pieceOfFurniture level='level-aac2f875-f834-4da7-8399-b58b1670b145' name='rack140' model='18/utility-shelving.obj' x='9162.752' y='17551.047' width='4267.1997' depth='104.14' height='871.22' modelSize='1186930'/>
  <pieceOfFurniture level='level-aac2f875-f834-4da7-8399-b58b1670b145' name='rack139' model='18/utility-shelving.obj' x='9162.601' y='17655.188' width='4267.1997' depth='104.14' height='871.22' modelSize='1186930'/>
  <pieceOfFurniture level='level-aac2f875-f834-4da7-8399-b58b1670b145' name='rack138' model='18/utility-shelving.obj' x='9152.525' y='18185.65' width='4267.1997' depth='104.14' height='871.22' modelSize='1186930'/>
  <pieceOfFurniture level='level-aac2f875-f834-4da7-8399-b58b1670b145' name='rack137' model='18/utility-shelving.obj' x='9152.374' y='18289.791' width='4267.1997' depth='104.14' height='871.22' modelSize='1186930'/>
  <pieceOfFurniture level='level-aac2f875-f834-4da7-8399-b58b1670b145' name='rack136' model='18/utility-shelving.obj' x='9172.374' y='18837.434' width='4267.1997' depth='104.14' height='871.22' modelSize='1186930'/>
  <pieceOfFurniture level='level-aac2f875-f834-4da7-8399-b58b1670b145' name='rack135' model='18/utility-shelving.obj' x='9182.299' y='18941.572' width='4267.1997' depth='104.14' height='871.22' modelSize='1186930'/>
  <pieceOfFurniture level='level-aac2f875-f834-4da7-8399-b58b1670b145' name='rack134' model='18/utility-shelving.obj' x='9151.921' y='19435.121' width='4267.1997' depth='104.14' height='871.22' modelSize='1186930'/>
  <pieceOfFurniture level='level-aac2f875-f834-4da7-8399-b58b1670b145' name='rack133' model='18/utility-shelving.obj' x='9141.695' y='19539.262' width='4267.1997' depth='104.14' height='871.22' modelSize='1186930'/>
  <pieceOfFurniture level='level-aac2f875-f834-4da7-8399-b58b1670b145' name='rack157' model='18/utility-shelving.obj' x='9172.676' y='11861.936' width='4267.1997' depth='104.14' height='871.22' modelSize='1186930'/>
  <pieceOfFurniture level='level-aac2f875-f834-4da7-8399-b58b1670b145' name='rack156' model='18/utility-shelving.obj' x='9202.752' y='12429.58' width='4267.1997' depth='104.14' height='871.22' modelSize='1186930'/>
  <pieceOfFurniture level='level-aac2f875-f834-4da7-8399-b58b1670b145' name='rack183' model='18/utility-shelving.obj' x='4899.5234' y='3391.2004' width='3048.0' depth='104.14' height='871.22' modelSize='1186930'/>
  <pieceOfFurniture level='level-aac2f875-f834-4da7-8399-b58b1670b145' name='rack182' model='18/utility-shelving.obj' x='4869.146' y='3854.5217' width='3048.0' depth='104.14' height='871.22' modelSize='1186930'/>
  <pieceOfFurniture level='level-aac2f875-f834-4da7-8399-b58b1670b145' name='rack181' model='18/utility-shelving.obj' x='4879.071' y='3958.6616' width='3048.0' depth='104.14' height='871.22' modelSize='1186930'/>
  <pieceOfFurniture level='level-aac2f875-f834-4da7-8399-b58b1670b145' name='rack179' model='18/utility-shelving.obj' x='4899.071' y='4643.6436' width='3048.0' depth='104.14' height='871.22' modelSize='1186930'/>
  <pieceOfFurniture level='level-aac2f875-f834-4da7-8399-b58b1670b145' name='rack180' model='18/utility-shelving.obj' x='4889.146' y='4539.504' width='3048.0' depth='104.14' height='871.22' modelSize='1186930'/>
  <pieceOfFurniture level='level-aac2f875-f834-4da7-8399-b58b1670b145' name='rack177' model='18/utility-shelving.obj' x='4898.92' y='5278.2476' width='3048.0' depth='104.14' height='871.22' modelSize='1186930'/>
  <pieceOfFurniture level='level-aac2f875-f834-4da7-8399-b58b1670b145' name='rack178' model='18/utility-shelving.obj' x='4888.995' y='5174.108' width='3048.0' depth='104.14' height='871.22' modelSize='1186930'/>
  <pieceOfFurniture level='level-aac2f875-f834-4da7-8399-b58b1670b145' name='rack' model='18/utility-shelving.obj' x='4888.694' y='5943.0786' width='3048.0' depth='104.14' height='871.22' modelSize='1186930'/>
  <pieceOfFurniture level='level-aac2f875-f834-4da7-8399-b58b1670b145' name='rack' model='18/utility-shelving.obj' x='4878.769' y='5838.939' width='3048.0' depth='104.14' height='871.22' modelSize='1186930'/>
  <pieceOfFurniture level='level-aac2f875-f834-4da7-8399-b58b1670b145' name='rack' model='18/utility-shelving.obj' x='4898.6187' y='8522.251' width='3048.0' depth='104.14' height='871.22' modelSize='1186930'/>
  <pieceOfFurniture level='level-aac2f875-f834-4da7-8399-b58b1670b145' name='rack' model='18/utility-shelving.obj' x='4888.694' y='8418.112' width='3048.0' depth='104.14' height='871.22' modelSize='1186930'/>
  <pieceOfFurniture level='level-aac2f875-f834-4da7-8399-b58b1670b145' name='rack' model='18/utility-shelving.obj' x='4898.92' y='7753.281' width='3048.0' depth='104.14' height='871.22' modelSize='1186930'/>
  <pieceOfFurniture level='level-aac2f875-f834-4da7-8399-b58b1670b145' name='rack' model='18/utility-shelving.obj' x='4908.8447' y='7857.4204' width='3048.0' depth='104.14' height='871.22' modelSize='1186930'/>
  <pieceOfFurniture level='level-aac2f875-f834-4da7-8399-b58b1670b145' name='rack' model='18/utility-shelving.obj' x='4908.9956' y='7222.8164' width='3048.0' depth='104.14' height='871.22' modelSize='1186930'/>
  <pieceOfFurniture level='level-aac2f875-f834-4da7-8399-b58b1670b145' name='rack' model='18/utility-shelving.obj' x='4899.071' y='7118.677' width='3048.0' depth='104.14' height='871.22' modelSize='1186930'/>
  <pieceOfFurniture level='level-aac2f875-f834-4da7-8399-b58b1670b145' name='rack' model='18/utility-shelving.obj' x='4879.071' y='6433.6943' width='3048.0' depth='104.14' height='871.22' modelSize='1186930'/>
  <pieceOfFurniture level='level-aac2f875-f834-4da7-8399-b58b1670b145' name='rack' model='18/utility-shelving.obj' x='4888.9956' y='6537.8345' width='3048.0' depth='104.14' height='871.22' modelSize='1186930'/>
  <pieceOfFurniture level='level-aac2f875-f834-4da7-8399-b58b1670b145' name='rack' model='18/utility-shelving.obj' x='4878.317' y='11161.876' width='3048.0' depth='104.14' height='871.22' modelSize='1186930'/>
  <pieceOfFurniture level='level-aac2f875-f834-4da7-8399-b58b1670b145' name='rack' model='18/utility-shelving.obj' x='4868.392' y='11057.737' width='3048.0' depth='104.14' height='871.22' modelSize='1186930'/>
  <pieceOfFurniture level='level-aac2f875-f834-4da7-8399-b58b1670b145' name='rack' model='18/utility-shelving.obj' x='4878.618' y='10392.906' width='3048.0' depth='104.14' height='871.22' modelSize='1186930'/>
  <pieceOfFurniture level='level-aac2f875-f834-4da7-8399-b58b1670b145' name='rack' model='18/utility-shelving.obj' x='4888.543' y='10497.045' width='3048.0' depth='104.14' height='871.22' modelSize='1186930'/>
  <pieceOfFurniture level='level-aac2f875-f834-4da7-8399-b58b1670b145' name='rack' model='18/utility-shelving.obj' x='4888.694' y='9862.441' width='3048.0' depth='104.14' height='871.22' modelSize='1186930'/>
  <pieceOfFurniture level='level-aac2f875-f834-4da7-8399-b58b1670b145' name='rack' model='18/utility-shelving.obj' x='4878.769' y='9758.302' width='3048.0' depth='104.14' height='871.22' modelSize='1186930'/>
  <pieceOfFurniture level='level-aac2f875-f834-4da7-8399-b58b1670b145' name='rack' model='18/utility-shelving.obj' x='4858.769' y='9073.319' width='3048.0' depth='104.14' height='871.22' modelSize='1186930'/>
  <pieceOfFurniture level='level-aac2f875-f834-4da7-8399-b58b1670b145' name='rack' model='18/utility-shelving.obj' x='4868.694' y='9177.459' width='3048.0' depth='104.14' height='871.22' modelSize='1186930'/>
  <pieceOfFurniture level='level-aac2f875-f834-4da7-8399-b58b1670b145' name='rack' model='18/utility-shelving.obj' x='4918.468' y='22627.625' width='3048.0' depth='104.14' height='871.22' modelSize='1186930'/>
  <pieceOfFurniture level='level-aac2f875-f834-4da7-8399-b58b1670b145' name='rack' model='18/utility-shelving.obj' x='4908.543' y='22523.484' width='3048.0' depth='104.14' height='871.22' modelSize='1186930'/>
  <pieceOfFurniture level='level-aac2f875-f834-4da7-8399-b58b1670b145' name='rack' model='18/utility-shelving.obj' x='4918.769' y='21858.654' width='3048.0' depth='104.14' height='871.22' modelSize='1186930'/>
  <pieceOfFurniture level='level-aac2f875-f834-4da7-8399-b58b1670b145' name='rack' model='18/utility-shelving.obj' x='4928.694' y='21962.793' width='3048.0' depth='104.14' height='871.22' modelSize='1186930'/>
  <pieceOfFurniture level='level-aac2f875-f834-4da7-8399-b58b1670b145' name='rack' model='18/utility-shelving.obj' x='4928.8447' y='21328.19' width='3048.0' depth='104.14' height='871.22' modelSize='1186930'/>
  <pieceOfFurniture level='level-aac2f875-f834-4da7-8399-b58b1670b145' name='rack' model='18/utility-shelving.obj' x='4918.92' y='21224.05' width='3048.0' depth='104.14' height='871.22' modelSize='1186930'/>
  <pieceOfFurniture level='level-aac2f875-f834-4da7-8399-b58b1670b145' name='rack' model='18/utility-shelving.obj' x='4898.92' y='20539.066' width='3048.0' depth='104.14' height='871.22' modelSize='1186930'/>
  <pieceOfFurniture level='level-aac2f875-f834-4da7-8399-b58b1670b145' name='rack' model='18/utility-shelving.obj' x='4908.8447' y='20643.207' width='3048.0' depth='104.14' height='871.22' modelSize='1186930'/>
  <wall id='wall-4ee16118-5c6e-44ff-8259-27de1ed452cf' level='level-aac2f875-f834-4da7-8399-b58b1670b145' wallAtStart='wall-b7b83d90-e8f5-4007-8f20-740853460487' xStart='7642.8975' yStart='23263.656' xEnd='2895.7578' yEnd='23263.656' height='883.9199' thickness='7.5' pattern='hatchUp'/>
  <wall id='wall-545c75c4-7cfe-4647-9075-e27320371728' level='level-aac2f875-f834-4da7-8399-b58b1670b145' wallAtEnd='wall-614b8117-5594-4dbd-8439-5318f6bde610' xStart='12062.5' yStart='2971.7322' xEnd='12070.287' yEnd='20032.777' height='883.9199' thickness='7.5' pattern='hatchUp'/>
  <wall id='wall-614b8117-5594-4dbd-8439-5318f6bde610' level='level-aac2f875-f834-4da7-8399-b58b1670b145' wallAtStart='wall-545c75c4-7cfe-4647-9075-e27320371728' wallAtEnd='wall-b7b83d90-e8f5-4007-8f20-740853460487' xStart='12070.287' yStart='20032.777' xEnd='7650.6836' yEnd='20032.777' height='883.9199' thickness='7.5' pattern='hatchUp'/>
  <wall id='wall-b7b83d90-e8f5-4007-8f20-740853460487' level='level-aac2f875-f834-4da7-8399-b58b1670b145' wallAtStart='wall-614b8117-5594-4dbd-8439-5318f6bde610' wallAtEnd='wall-4ee16118-5c6e-44ff-8259-27de1ed452cf' xStart='7650.6836' yStart='20032.777' xEnd='7642.8975' yEnd='23263.656' height='883.9199' thickness='7.5' pattern='hatchUp'/>
  <room id='room-af71fa99-fc73-40b4-8e48-99d7d1a102e1' level='level-aac2f875-f834-4da7-8399-b58b1670b145' areaVisible='true' ceilingVisible='false' ceilingFlat='true'>
    <texture attribute='floorTexture' name='灰色地砖' creator='eTeks' catalogId='eTeks#greyTile' width='31.5' height='31.5' image='19'/>
    <point x='7636.1865' y='23259.918'/>
    <point x='2896.545' y='23259.918'/>
    <point x='2896.545' y='2975.4822'/>
    <point x='12055.785' y='2975.4822'/>
    <point x='12055.785' y='20029.031'/>
    <point x='7636.1865' y='20029.031'/>
    <point x='7636.1865' y='23259.918'/>
  </room>
  <room id='room-e3dec067-2318-4a4a-8fac-823344666aef' level='level-aac2f875-f834-4da7-8399-b58b1670b145' areaVisible='true' ceilingVisible='false' ceilingFlat='true'>
    <texture attribute='floorTexture' name='灰色地砖' creator='eTeks' catalogId='eTeks#greyTile' width='31.5' height='31.5' image='19'/>
    <point x='7646.0625' y='23271.887'/>
    <point x='2906.4204' y='23271.887'/>
    <point x='2906.4204' y='2987.4604'/>
    <point x='12065.66' y='2987.4604'/>
    <point x='12065.66' y='20041.0'/>
    <point x='7646.0625' y='20041.0'/>
    <point x='7646.0625' y='23271.887'/>
  </room>
  <room id='room-aac28ff9-5f48-4071-ab78-e1883c79424f' level='level-aac2f875-f834-4da7-8399-b58b1670b145' areaVisible='true' ceilingVisible='false' ceilingFlat='true'>
    <texture attribute='floorTexture' name='草地' creator='eTeks' catalogId='eTeks#grass' width='30.0' height='30.0' image='20'/>
    <point x='15353.994' y='4903.4756'/>
    <point x='16359.834' y='4903.4756'/>
    <point x='16314.114' y='20470.139'/>
    <point x='15353.994' y='20470.139'/>
    <point x='15353.994' y='10228.858'/>
  </room>
  <label id='label-5b7345f3-eaa4-416f-9841-6710f3d323e0' level='level-aac2f875-f834-4da7-8399-b58b1670b145' x='12218.184' y='19096.043' angle='4.712389' elevation='609.6' pitch='1.5707964' color='FFF70000'>
    <textStyle fontName='Arial Black' fontSize='182.88'/>
    <text>Buena Park</text>
  </label>
</home>