<?xml version='1.0'?>
<home version='7400' exportFlags='17' name='rack.sh3d' camera='topCamera' wallHeight='250.0'>
  <environment groundColor='00A8A8A8' skyColor='00CCE4FC' lightColor='007C7C7C'>
    <texture attribute='skyTexture' name='蓝天' creator='eTeks' catalogId='eTeks#blueSky' width='100.0' height='41.3' image='0'/>
  </environment>
  <observerCamera attribute='observerCamera' lens='PINHOLE' x='50.0' y='50.0' z='170.0' yaw='5.4977875' pitch='0.19634955' fieldOfView='1.0995575' time='1735819200000'/>
  <camera attribute='topCamera' lens='PINHOLE' x='646.4675' y='1808.6677' z='302.48862' yaw='2.9965909' pitch='0.21999997' fieldOfView='1.0995575' time='1735819200000'/>
  <pieceOfFurniture name='rack' model='2/utility-shelving.obj' x='95.041504' y='433.26385' width='104.14' depth='104.14' height='871.22' modelSize='1186930'/>
  <pieceOfFurniture name='rack' model='2/utility-shelving.obj' x='199.18152' y='433.26385' width='104.14' depth='104.14' height='871.22' modelSize='1186930'/>
  <pieceOfFurniture name='rack' model='2/utility-shelving.obj' x='303.32153' y='433.26385' width='104.14' depth='104.14' height='871.22' modelSize='1186930'/>
  <pieceOfFurniture name='rack' model='2/utility-shelving.obj' x='407.46155' y='433.26385' width='104.14' depth='104.14' height='871.22' modelSize='1186930'/>
  <pieceOfFurniture name='rack' model='2/utility-shelving.obj' x='511.60156' y='433.26385' width='104.14' depth='104.14' height='871.22' modelSize='1186930'/>
  <pieceOfFurniture name='rack' model='2/utility-shelving.obj' x='615.7416' y='433.26385' width='104.14' depth='104.14' height='871.22' modelSize='1186930'/>
  <pieceOfFurniture name='rack' model='2/utility-shelving.obj' x='719.8816' y='433.26385' width='104.14' depth='104.14' height='871.22' modelSize='1186930'/>
  <pieceOfFurniture name='rack' model='2/utility-shelving.obj' x='824.0216' y='433.26385' width='104.14' depth='104.14' height='871.22' modelSize='1186930'/>
  <pieceOfFurniture name='rack' model='2/utility-shelving.obj' x='928.1616' y='433.26385' width='104.14' depth='104.14' height='871.22' modelSize='1186930'/>
  <pieceOfFurniture name='rack' model='2/utility-shelving.obj' x='1032.3016' y='433.26385' width='104.14' depth='104.14' height='871.22' modelSize='1186930'/>
  <pieceOfFurniture name='rack' model='2/utility-shelving.obj' x='1136.4415' y='433.26385' width='104.14' depth='104.14' height='871.22' modelSize='1186930'/>
  <pieceOfFurniture name='rack' model='2/utility-shelving.obj' x='-321.5185' y='433.26385' width='104.14' depth='104.14' height='871.22' modelSize='1186930'/>
  <pieceOfFurniture name='rack' model='2/utility-shelving.obj' x='-217.37848' y='433.26385' width='104.14' depth='104.14' height='871.22' modelSize='1186930'/>
  <pieceOfFurniture name='rack' model='2/utility-shelving.obj' x='-113.238495' y='433.26385' width='104.14' depth='104.14' height='871.22' modelSize='1186930'/>
  <pieceOfFurniture name='rack' model='2/utility-shelving.obj' x='-9.098511' y='433.26385' width='104.14' depth='104.14' height='871.22' modelSize='1186930'/>
  <pieceOfFurniture catalogId='Scopia#cardboard-box' name='box' creator='Scopia' model='4/cardboard-box.obj' x='-313.861' y='426.4808' elevation='35.559998' width='54.927498' depth='34.925' height='29.845' modelSize='90876'/>
  <pieceOfFurniture catalogId='Scopia#cardboard-box' name='box' creator='Scopia' model='4/cardboard-box.obj' x='-219.83627' y='427.00064' elevation='35.559998' width='54.927498' depth='34.925' height='29.845' modelSize='90876'/>
  <pieceOfFurniture catalogId='Scopia#cardboard-box' name='box' creator='Scopia' model='4/cardboard-box.obj' x='306.64865' y='435.3125' elevation='35.559998' width='54.927498' depth='34.925' height='29.845' modelSize='90876'/>
  <pieceOfFurniture catalogId='Scopia#cardboard-box' name='box' creator='Scopia' model='4/cardboard-box.obj' x='509.76242' y='431.93628' elevation='35.559998' width='54.927498' depth='34.925' height='29.845' modelSize='90876'/>
  <pieceOfFurniture catalogId='Scopia#cardboard-box' name='box' creator='Scopia' model='4/cardboard-box.obj' x='818.0692' y='436.35214' elevation='35.559998' width='54.927498' depth='34.925' height='29.845' modelSize='90876'/>
  <pieceOfFurniture catalogId='Scopia#cardboard-box' name='box' creator='Scopia' model='4/cardboard-box.obj' x='822.485' y='440.768' elevation='248.92' width='54.927498' depth='34.925' height='29.845' modelSize='90876'/>
  <pieceOfFurniture catalogId='Scopia#cardboard-box' name='box' creator='Scopia' model='4/cardboard-box.obj' x='199.63867' y='429.5997' elevation='248.92' width='54.927498' depth='34.925' depthInPlan='34.925007' height='29.845' modelSize='90876'/>
  <pieceOfFurniture catalogId='Scopia#cardboard-box' name='box' creator='Scopia' model='4/cardboard-box.obj' x='1028.9751' y='432.97592' elevation='248.92' width='54.927498' depth='34.925' height='29.845' modelSize='90876'/>
  <pieceOfFurniture catalogId='Scopia#cardboard-box' name='box' creator='Scopia' model='4/cardboard-box.obj' x='-11.267212' y='436.87195' elevation='248.92' width='54.927498' depth='34.925' height='29.845' modelSize='90876'/>
  <pieceOfFurniture catalogId='Scopia#cardboard-box' name='box' creator='Scopia' model='4/cardboard-box.obj' x='-6.8513794' y='437.39175' elevation='462.27997' width='54.927498' depth='34.925' height='29.845' modelSize='90876'/>
  <pieceOfFurniture catalogId='Scopia#cardboard-box' name='box' creator='Scopia' model='4/cardboard-box.obj' x='406.64844' y='434.01553' elevation='462.28' width='54.927498' depth='34.925' height='29.845' modelSize='90876'/>
  <pieceOfFurniture catalogId='Scopia#cardboard-box' name='box' creator='Scopia' model='4/cardboard-box.obj' x='411.0642' y='434.53537' elevation='675.63995' width='54.927498' depth='34.925' height='29.845' modelSize='90876'/>
  <pieceOfFurniture catalogId='Scopia#cardboard-box' name='box' creator='Scopia' model='4/cardboard-box.obj' x='610.282' y='435.05518' elevation='675.64' width='54.927498' depth='34.925' height='29.845' modelSize='90876'/>
  <pieceOfFurniture catalogId='Scopia#cardboard-box' name='box' creator='Scopia' model='4/cardboard-box.obj' x='726.6433' y='434.53537' elevation='675.64' width='54.927498' depth='34.925' height='29.845' modelSize='90876'/>
  <pieceOfFurniture catalogId='Scopia#cardboard-box' name='box' creator='Scopia' model='4/cardboard-box.obj' x='200.6781' y='438.4314' elevation='675.64' width='54.927498' depth='34.925' height='29.845' modelSize='90876'/>
  <pieceOfFurniture catalogId='Scopia#cardboard-box' name='box' creator='Scopia' model='4/cardboard-box.obj' x='99.3811' y='438.4314' elevation='675.64' width='54.927498' depth='34.925' height='29.845' modelSize='90876'/>
  <pieceOfFurniture catalogId='Scopia#cardboard-box' name='box' creator='Scopia' model='4/cardboard-box.obj' x='96.00488' y='442.84723' elevation='871.22' width='54.927498' depth='34.925' height='29.845' modelSize='90876'/>
  <pieceOfFurniture catalogId='Scopia#cardboard-box' name='box' creator='Scopia' model='4/cardboard-box.obj' x='-109.96533' y='431.67892' elevation='871.22' width='54.927498' depth='34.925' height='29.845' modelSize='90876'/>
  <pieceOfFurniture catalogId='Scopia#cardboard-box' name='box' creator='Scopia' model='4/cardboard-box.obj' x='937.54913' y='438.95117' elevation='871.22' width='54.927498' depth='34.925' height='29.845' modelSize='90876'/>
  <pieceOfFurniture catalogId='Scopia#cardboard-box' name='box' creator='Scopia' model='4/cardboard-box.obj' x='1140.1431' y='435.05515' elevation='871.22' width='54.927498' depth='34.925' height='29.845' modelSize='90876'/>
  <pieceOfFurniture catalogId='Scopia#cardboard-box' name='box' creator='Scopia' model='4/cardboard-box.obj' x='934.1729' y='435.57498' elevation='871.22' width='54.927498' depth='34.925' height='29.845' modelSize='90876'/>
  <pieceOfFurniture catalogId='Scopia#cardboard-box' name='box' creator='Scopia' model='4/cardboard-box.obj' x='621.9699' y='435.05515' elevation='871.22' width='54.927498' depth='34.925' height='29.845' modelSize='90876'/>
  <pieceOfFurniture catalogId='Scopia#cardboard-box' name='box' creator='Scopia' model='4/cardboard-box.obj' x='508.9848' y='435.05515' elevation='871.22' width='54.927498' depth='34.925' height='29.845' modelSize='90876'/>
  <pieceOfFurniture catalogId='Scopia#cardboard-box' name='box' creator='Scopia' model='4/cardboard-box.obj' x='306.3908' y='427.2631' elevation='871.22' width='54.927498' depth='34.925' height='29.845' modelSize='90876'/>
  <pieceOfFurniture catalogId='Scopia#cardboard-box' name='box' creator='Scopia' model='4/cardboard-box.obj' x='-207.88599' y='431.1591' elevation='871.22' width='54.927498' depth='34.925' height='29.845' modelSize='90876'/>
  <room id='room-6d42f326-e1f2-4ff3-b057-721443f9fbeb' areaVisible='true' ceilingVisible='false' ceilingFlat='true'>
    <texture attribute='floorTexture' name='灰色地砖' creator='eTeks' catalogId='eTeks#greyTile' width='31.5' height='31.5' image='5'/>
    <point x='-571.22723' y='7.6888733'/>
    <point x='1486.1726' y='7.6888733'/>
    <point x='1486.1726' y='1021.1488'/>
    <point x='-571.22723' y='1021.149'/>
    <point x='-571.22723' y='7.6888733'/>
  </room>
</home>