<?xml version='1.0'?>
<home version='7400' exportFlags='17' name='truck.sh3d' camera='topCamera' wallHeight='250.0'>
  <environment groundColor='00A8A8A8' skyColor='00CCE4FC' lightColor='00767676'>
    <texture attribute='skyTexture' name='蓝天' creator='eTeks' catalogId='eTeks#blueSky' width='100.0' height='41.3' image='0'/>
  </environment>
  <observerCamera attribute='observerCamera' lens='PINHOLE' x='50.0' y='50.0' z='170.0' yaw='5.4977875' pitch='0.19634955' fieldOfView='1.0995575' time='1735646400000'/>
  <camera attribute='topCamera' lens='PINHOLE' x='1938.3668' y='2677.7964' z='688.93994' yaw='2.6115873' pitch='0.31539863' fieldOfView='1.0995575' time='1735646400000'/>
  <pieceOfFurniture name='dafTruck' model='2/dafTruck.obj' x='869.11707' y='837.9937' angle='1.5707964' width='305.7525' depth='1653.5399' height='400.3675' modelSize='628434'/>
  <pieceOfFurniture catalogId='Scopia#stationnement-en-bataille' name='Parking slot 90°' creator='Scopia' model='4/stationnement-en-bataille.obj' x='869.7346' y='835.6317' angle='4.712389' width='457.19998' depth='1828.7999' height='0.3175' modelSize='27317' movable='false'/>
  <room id='room-a2a64864-f882-4ed1-96fd-a00ab2ef8010' areaVisible='true' floorColor='FF474747' ceilingVisible='false' ceilingFlat='true'>
    <point x='-264.16852' y='337.65677'/>
    <point x='2037.0715' y='337.65677'/>
    <point x='2037.0715' y='1427.3169'/>
    <point x='-264.16852' y='1427.3167'/>
    <point x='-264.16852' y='337.65677'/>
  </room>
</home>